{"max": [-502.712, 50.8573, 127.383], "centroid": [-556.9270444708932, 17.144300498888203, 66.32856509035078], "id": "fe82a9934a38997866cf1b4a8fc3914e", "numVertices": 31931, "min": [-611.198, 8.65221, 18.1833]}
