{"max": [-2.182, 1.81124, 1.41468], "centroid": [-3.3410438700844884, 0.7666598049356218, -1.070029796192957], "id": "1a64bf1e658652ddb11647ffa4306609", "numVertices": 17165, "min": [-4.50154, 0.00511299, -3.5184]}
